 {"operator_A":
	  [
        {
          "prefix": "1",
          "cost": "0.9"
        },
        {
          "prefix": "268",
          "cost": "5.1"
        },
        {
          "prefix": "46",
          "cost": "1.1"
        }, 
        {
         "prefix": "4620",
          "cost": "1.1"
        },
		  
        {
          "prefix": "468",
          "cost": "1.1"
        },
        {
          "prefix": "4631",
          "cost": "1.1"
        },
        {
          "prefix": "4673",
          "cost": "1.1"
        }, 
        {
         "prefix": "46730",
          "cost": "1.1"
        }
	   
	  ],
	  
	  
	  "operator_B":
	  [
        {
          "prefix": "1",
          "cost": "0.95"
        },
        {
          "prefix": "44",
          "cost": "0.5"
        },
        {
          "prefix": "46",
          "cost": "0.2"
        }, 
        {
         "prefix": "467",
          "cost": "1.0"
        },
		{
          "prefix": "48",
          "cost": "1.2"
        },
        {
          "prefix": "4678",
          "cost": "1.11"
        },
        {
          "prefix": "466",
          "cost": "0.8"
        }, 
        {
         "prefix": "4",
          "cost": "1.1"
        }
	  ],
	  
	  
	   
	  "operator_C":
	   [
        {
          "prefix": "11",
          "cost": "1.0"
        },
        {
          "prefix": "413",
          "cost": "0.1"
        },
        {
          "prefix": "146",
          "cost": "1.8"
        }, 
        {
         "prefix": "468",
          "cost": "0.9"
        },
		{
          "prefix": "44",
          "cost": "0.7"
        },
        {
          "prefix": "456",
          "cost": "1.1"
        },
        {
          "prefix": "91",
          "cost": "0.5"
        }, 
        {
         "prefix": "117",
          "cost": "2.1"
        }
	  ],
	  
	   "operator_D":
	    [
        {
          "prefix": "11",
          "cost": "1.2"
        },
        {
          "prefix": "91",
          "cost": "1.1"
        },
        {
          "prefix": "455",
          "cost": "0.9"
        }, 
        {
         "prefix": "47",
          "cost": "1.0"
        },
		{
          "prefix": "46",
          "cost": "0.6"
        },
        {
          "prefix": "457",
          "cost": "1.4"
        },
        {
          "prefix": "448",
          "cost": "0.8"
        }, 
        {
         "prefix": "452",
          "cost": "0.9"
        }
	  ]
	  
	  
	  
 }